﻿<?xml version="1.0" encoding="utf-8"?>
<Feature xmlns="http://schemas.microsoft.com/sharepoint/" Description="A demo from Critical Path Training" Id="a8204ce9-ace3-41e3-ac5f-91a3d5f400c3" ImageUrl="WingtipWebParts/FeatureIcon.gif" ReceiverAssembly="WingtipWebParts, Version=1.0.0.0, Culture=neutral, PublicKeyToken=02c28bbe1a6ff546" ReceiverClass="WingtipWebParts.Features.MainSite.MainSiteEventReceiver" Scope="Site" Title="Wingtip Web Parts" Version="1.0.0.0">
  <ElementManifests>
    <ElementManifest Location="AsyncDemoWebPart\Elements.xml" />
    <ElementFile Location="AsyncDemoWebPart\AsyncDemoWebPart.webpart" />
    <ElementManifest Location="WebPartPages\Elements.xml" />
    <ElementFile Location="WebPartPages\WebPartPage2Zones.aspx" />
    <ElementFile Location="WebPartPages\styles\styles.css" />
    <ElementFile Location="WebPartPages\WebPartPage1Zone.aspx" />
    <ElementManifest Location="WebPart1\Elements.xml" />
    <ElementFile Location="WebPart1\WebPart1.webpart" />
    <ElementManifest Location="WebPart2\Elements.xml" />
    <ElementFile Location="WebPart2\WebPart2.webpart" />
    <ElementManifest Location="WebPart3\Elements.xml" />
    <ElementFile Location="WebPart3\WebPart3.webpart" />
    <ElementManifest Location="WebPart5\Elements.xml" />
    <ElementFile Location="WebPart5\WebPart5.webpart" />
    <ElementManifest Location="WebPart4\Elements.xml" />
    <ElementFile Location="WebPart4\WebPart4.webpart" />
    <ElementManifest Location="CustomProperties1\Elements.xml" />
    <ElementFile Location="CustomProperties1\CustomProperties1.webpart" />
    <ElementManifest Location="CustomProperties2\Elements.xml" />
    <ElementFile Location="CustomProperties2\CustomProperties2.webpart" />
    <ElementManifest Location="CustomProperties3\Elements.xml" />
    <ElementFile Location="CustomProperties3\CustomProperties3.webpart" />
    <ElementManifest Location="WebPartVerbs101\Elements.xml" />
    <ElementFile Location="WebPartVerbs101\WebPartVerbs101.webpart" />
    <ElementManifest Location="WebPartVerbsFontDemo\Elements.xml" />
    <ElementFile Location="WebPartVerbsFontDemo\WebPartVerbsFontDemo.webpart" />
    <ElementManifest Location="FontConnectionProvider\Elements.xml" />
    <ElementFile Location="FontConnectionProvider\FontConnectionProvider.webpart" />
    <ElementManifest Location="FontConnectionConsumer\Elements.xml" />
    <ElementFile Location="FontConnectionConsumer\FontConnectionConsumer.webpart" />
    <ElementManifest Location="AsyncRssReader\Elements.xml" />
    <ElementFile Location="AsyncRssReader\AsyncRssReader.webpart" />
    <ElementManifest Location="AsyncProcessing101\Elements.xml" />
    <ElementFile Location="AsyncProcessing101\AsyncProcessing101.webpart" />
  </ElementManifests>
</Feature>